<Invoice xmlns:cbc="urn:oasis:names:specification:ubl:schema:xsd:CommonBasicComponents-2" xmlns:cac="urn:oasis:names:specification:ubl:schema:xsd:CommonAggregateComponents-2" xmlns:xades="http://uri.etsi.org/01903/v1.3.2#" xmlns:xsi="http://www.w3.org/2001/XMLSchema-instance" xmlns:ext="urn:oasis:names:specification:ubl:schema:xsd:CommonExtensionComponents-2" xmlns:ds="http://www.w3.org/2000/09/xmldsig#" xsi:schemaLocation="urn:oasis:names:specification:ubl:schema:xsd:Invoice-2 UBL-Invoice-2.1.xsd" xmlns="urn:oasis:names:specification:ubl:schema:xsd:Invoice-2"><cbc:UBLVersionID>2.1</cbc:UBLVersionID><cbc:CustomizationID>TR1.2</cbc:CustomizationID><cbc:ProfileID>ILAC_TIBBICIHAZ</cbc:ProfileID><cbc:ID /><cbc:CopyIndicator>false</cbc:CopyIndicator><cbc:UUID>790933b9-8422-4ec3-9845-a9caea517d8e</cbc:UUID><cbc:IssueDate>2025-06-24</cbc:IssueDate><cbc:IssueTime>21:22:59</cbc:IssueTime><cbc:InvoiceTypeCode>SATIS</cbc:InvoiceTypeCode><cbc:Note>Yazı ile: #  Bin Yedi Yüz On Altı  TL  #</cbc:Note><cbc:DocumentCurrencyCode>TRY</cbc:DocumentCurrencyCode><cbc:LineCountNumeric>1</cbc:LineCountNumeric><cac:AccountingSupplierParty><cac:Party><cac:PartyIdentification><cbc:ID schemeID="VKN">3230512384</cbc:ID></cac:PartyIdentification><cac:PartyIdentification><cbc:ID schemeID="SUBENO"></cbc:ID></cac:PartyIdentification><cac:PartyIdentification><cbc:ID schemeID="MERSISNO"></cbc:ID></cac:PartyIdentification><cac:PartyIdentification><cbc:ID schemeID="HIZMETNO"></cbc:ID></cac:PartyIdentification><cac:PartyIdentification><cbc:ID schemeID="TICARETSICILNO"></cbc:ID></cac:PartyIdentification><cac:PartyName><cbc:Name>2018 - EDM BİLİŞİM SİSTEMLERİ VE DANIŞMANLIK HİZMETLERİ A.Ş.</cbc:Name></cac:PartyName><cac:PostalAddress><cbc:BuildingName>BOMONTİ BUSİNESS CENTER</cbc:BuildingName><cbc:CitySubdivisionName>Şişli</cbc:CitySubdivisionName><cbc:CityName>İstanbul</cbc:CityName><cac:Country><cbc:IdentificationCode>TR</cbc:IdentificationCode><cbc:Name>Türkiye</cbc:Name></cac:Country></cac:PostalAddress><cac:PartyTaxScheme><cac:TaxScheme><cbc:Name>ŞİŞLİ</cbc:Name></cac:TaxScheme></cac:PartyTaxScheme></cac:Party></cac:AccountingSupplierParty><cac:AccountingCustomerParty><cac:Party><cac:PartyIdentification><cbc:ID schemeID="VKN">8890144666</cbc:ID></cac:PartyIdentification><cac:PartyName><cbc:Name>EDM Bilisim Hizmetleri A.S.</cbc:Name></cac:PartyName><cac:PostalAddress><cbc:BuildingName>ILICA MAH. ZEYTİN SOK NO:112</cbc:BuildingName><cbc:CitySubdivisionName>Narlıdere</cbc:CitySubdivisionName><cbc:CityName>İzmir</cbc:CityName><cac:Country><cbc:IdentificationCode>TR</cbc:IdentificationCode><cbc:Name>Türkiye</cbc:Name></cac:Country></cac:PostalAddress><cac:PartyTaxScheme><cac:TaxScheme><cbc:Name>MARMARA KURUMLAR</cbc:Name></cac:TaxScheme></cac:PartyTaxScheme><cac:Contact><cbc:Telephone></cbc:Telephone><cbc:ElectronicMail></cbc:ElectronicMail></cac:Contact></cac:Party></cac:AccountingCustomerParty><cac:PaymentTerms><cbc:PaymentDueDate>2025-06-24</cbc:PaymentDueDate></cac:PaymentTerms><cac:TaxTotal><cbc:TaxAmount currencyID="TRY">286</cbc:TaxAmount><cac:TaxSubtotal><cbc:TaxableAmount currencyID="TRY">1430</cbc:TaxableAmount><cbc:TaxAmount currencyID="TRY">286</cbc:TaxAmount><cbc:CalculationSequenceNumeric>1</cbc:CalculationSequenceNumeric><cbc:Percent>20</cbc:Percent><cac:TaxCategory><cac:TaxScheme><cbc:Name>KDV GERCEK</cbc:Name><cbc:TaxTypeCode>0015</cbc:TaxTypeCode></cac:TaxScheme></cac:TaxCategory></cac:TaxSubtotal></cac:TaxTotal><cac:LegalMonetaryTotal><cbc:LineExtensionAmount currencyID="TRY">1430</cbc:LineExtensionAmount><cbc:TaxExclusiveAmount currencyID="TRY">1430</cbc:TaxExclusiveAmount><cbc:TaxInclusiveAmount currencyID="TRY">1716</cbc:TaxInclusiveAmount><cbc:AllowanceTotalAmount currencyID="TRY">0</cbc:AllowanceTotalAmount><cbc:PayableAmount currencyID="TRY">1716</cbc:PayableAmount></cac:LegalMonetaryTotal><cac:InvoiceLine><cbc:ID>1</cbc:ID><cbc:InvoicedQuantity unitCode="C62">1</cbc:InvoicedQuantity><cbc:LineExtensionAmount currencyID="TRY">1430</cbc:LineExtensionAmount><cac:TaxTotal><cbc:TaxAmount currencyID="TRY">286</cbc:TaxAmount><cac:TaxSubtotal><cbc:TaxableAmount currencyID="TRY">1430</cbc:TaxableAmount><cbc:TaxAmount currencyID="TRY">286</cbc:TaxAmount><cbc:CalculationSequenceNumeric>1</cbc:CalculationSequenceNumeric><cbc:Percent>20</cbc:Percent><cac:TaxCategory><cac:TaxScheme><cbc:Name>GERÇEK USULDE KATMA DEĞER VERGİSİ</cbc:Name><cbc:TaxTypeCode>0015</cbc:TaxTypeCode></cac:TaxScheme></cac:TaxCategory></cac:TaxSubtotal></cac:TaxTotal><cac:Item><cbc:Name>İlaç</cbc:Name><cbc:BrandName /><cac:AdditionalItemIdentification><cbc:ID schemeID="ILAC">(GTIN) 1345 (BN) 4345 (SN) 5424 (XD) 121225</cbc:ID></cac:AdditionalItemIdentification></cac:Item><cac:Price><cbc:PriceAmount currencyID="TRY">1430</cbc:PriceAmount></cac:Price></cac:InvoiceLine></Invoice>